,trig_ids,start_index,start_met,start_times,end_index,end_met,end_times,trig_dets
0,0,5677,573114475.1367222,2019-03-01 06:27:50,5761,573114819.206731,2019-03-01 06:33:34,"['n6_r0', 'n7_r0', 'n7_r1', 'n9_r0', 'n9_r1', 'na_r0', 'na_r1', 'nb_r0', 'nb_r1']"
1,1,6337,573117182.6420361,2019-03-01 07:12:57,6337,573117182.6420361,2019-03-01 07:12:57,"['n4_r0', 'na_r0']"
2,2,6348,573117227.6988341,2019-03-01 07:13:42,6357,573117264.5634892,2019-03-01 07:14:19,"['n4_r0', 'na_r0']"
3,3,7669,573122642.7052281,2019-03-01 08:43:57,7800,573123179.2909031,2019-03-01 08:52:54,"['n1_r0', 'n2_r0', 'n3_r0', 'n4_r0', 'n6_r0', 'n7_r0', 'n8_r0', 'n9_r0', 'na_r0']"
4,4,7804,573123195.6751858,2019-03-01 08:53:10,7846,573123367.7101821,2019-03-01 08:56:02,"['n3_r0', 'n4_r0', 'n6_r0', 'n9_r0', 'na_r0']"
5,5,8113,573124461.360204,2019-03-01 09:14:16,8149,573124608.818562,2019-03-01 09:16:43,"['n0_r1', 'n6_r1', 'n9_r1', 'na_r1', 'nb_r1']"
6,6,8217,573125280.812471,2019-03-01 09:27:55,8292,573125588.0175871,2019-03-01 09:33:03,"['n3_r0', 'n3_r1', 'n4_r0', 'n4_r1', 'n6_r0', 'n6_r1', 'n9_r0', 'n9_r1', 'na_r0', 'na_r1']"
7,7,10674,573138276.7658689,2019-03-01 13:04:31,10755,573138608.547935,2019-03-01 13:10:03,"['n6_r0', 'n7_r0', 'n9_r0']"
8,8,10957,573139435.9552461,2019-03-01 13:23:50,10966,573139472.819915,2019-03-01 13:24:27,"['n0_r0', 'n3_r0']"
9,9,11021,573139698.104028,2019-03-01 13:28:13,11038,573139767.737272,2019-03-01 13:29:22,"['n0_r0', 'n3_r0']"
10,10,11235,573140574.663388,2019-03-01 13:42:49,11237,573140582.8555241,2019-03-01 13:42:57,"['n6_r0', 'n7_r0']"
11,11,12174,573146084.087425,2019-03-01 15:14:39,12179,573146104.567775,2019-03-01 15:14:59,"['n4_r0', 'n8_r0']"
12,12,12183,573146120.9520639,2019-03-01 15:15:15,12188,573146141.4324211,2019-03-01 15:15:36,"['n4_r0', 'n8_r0']"
13,13,12213,573146243.834192,2019-03-01 15:17:18,12220,573146272.506693,2019-03-01 15:17:47,"['n4_r0', 'n8_r0']"
14,14,23656,573199092.3366259,2019-03-02 05:58:07,23688,573199223.410759,2019-03-02 06:00:18,"['n2_r0', 'n4_r0', 'na_r0']"
15,15,25078,573204921.046987,2019-03-02 07:35:16,25157,573205244.6363009,2019-03-02 07:40:39,"['n0_r0', 'n3_r0', 'n4_r0', 'n5_r0', 'n6_r0', 'n9_r0', 'na_r0', 'nb_r0']"
16,16,41802,573284738.498904,2019-03-03 05:45:33,41833,573284865.4769549,2019-03-03 05:47:40,"['n0_r1', 'n1_r0', 'n1_r1', 'n2_r0', 'n2_r1', 'n5_r1']"
17,17,59967,573370428.8230902,2019-03-04 05:33:43,59970,573370441.1112959,2019-03-04 05:33:56,"['n4_r0', 'na_r0']"
18,18,61355,573376118.2658478,2019-03-04 07:08:33,61380,573376220.6674781,2019-03-04 07:10:15,"['n0_r0', 'nb_r0']"
19,19,68518,573414180.351444,2019-03-04 17:42:55,68559,573414348.2904072,2019-03-04 17:45:43,"['n0_r0', 'n1_r0', 'n2_r0', 'n5_r0']"
20,20,70690,573425139.2045809,2019-03-04 20:45:34,70696,573425163.781018,2019-03-04 20:45:58,"['n0_r0', 'n1_r0']"
21,21,78084,573455733.4387801,2019-03-05 05:15:28,78089,573455753.9191,2019-03-05 05:15:48,"['n0_r0', 'n3_r0']"
22,22,78153,573456016.067318,2019-03-05 05:20:11,78160,573456044.739768,2019-03-05 05:20:39,"['n0_r0', 'n1_r0']"
23,23,79270,573460595.4754809,2019-03-05 06:36:30,79308,573460751.126095,2019-03-05 06:39:06,"['n0_r0', 'n1_r0', 'n3_r0', 'n5_r0']"
24,24,79331,573460845.3356531,2019-03-05 06:40:40,79380,573461046.0429312,2019-03-05 06:44:01,"['n0_r0', 'n1_r0', 'n3_r0']"
25,25,79382,573461054.2350682,2019-03-05 06:44:09,79398,573461119.7721161,2019-03-05 06:45:14,"['n0_r0', 'n1_r0']"
26,26,79627,573462057.7710199,2019-03-05 07:00:52,79654,573462168.364825,2019-03-05 07:02:43,"['n1_r0', 'n9_r0', 'nb_r0']"
27,27,83348,573481739.911509,2019-03-05 12:28:54,83350,573481748.103675,2019-03-05 12:29:03,"['n6_r0', 'n9_r0']"
28,28,83363,573481801.35265,2019-03-05 12:29:56,83389,573481907.8506031,2019-03-05 12:31:42,"['n6_r0', 'n9_r0']"
29,29,83448,573482149.5190512,2019-03-05 12:35:44,83459,573482194.575875,2019-03-05 12:36:29,"['n0_r0', 'n9_r0']"
30,30,83579,573482686.104746,2019-03-05 12:44:41,83594,573482747.5458269,2019-03-05 12:45:42,"['n0_r0', 'n3_r0']"
31,31,89526,573513345.9193301,2019-03-05 21:15:40,89552,573513452.4170461,2019-03-05 21:17:27,"['n6_r0', 'n9_r0']"
32,32,89702,573514066.827055,2019-03-05 21:27:41,89723,573514152.8444841,2019-03-05 21:29:07,"['n6_r0', 'n9_r0']"
33,33,90345,573516700.60191,2019-03-05 22:11:35,90371,573516807.099836,2019-03-05 22:13:22,"['n0_r0', 'n1_r0']"
34,34,93125,573528095.870036,2019-03-06 01:21:30,93161,573528243.3287051,2019-03-06 01:23:58,"['n0_r0', 'n1_r0']"
35,35,93233,573528538.245947,2019-03-06 01:28:53,93263,573528661.1281012,2019-03-06 01:30:56,"['n0_r0', 'n3_r0']"
36,36,93465,573529488.53408,2019-03-06 01:44:43,93546,573529820.315409,2019-03-06 01:50:15,"['n0_r0', 'n3_r0', 'n6_r0', 'n7_r0', 'n8_r0']"
37,37,97655,573546667.4544611,2019-03-06 06:31:02,97670,573546728.895453,2019-03-06 06:32:03,"['n0_r1', 'n5_r1']"
38,38,97715,573546913.2184281,2019-03-06 06:35:08,97948,573547867.6015921,2019-03-06 06:51:02,"['n0_r0', 'n0_r1', 'n1_r0', 'n2_r0', 'n2_r1', 'n3_r0', 'n3_r1', 'n4_r0', 'n4_r1', 'n5_r0', 'n5_r1', 'n6_r0', 'n6_r1', 'n7_r0', 'n7_r1', 'n8_r0', 'n8_r1', 'n9_r0', 'n9_r1', 'na_r0', 'na_r1', 'nb_r0', 'nb_r1']"
39,39,109211,573604673.298347,2019-03-06 22:37:48,109260,573604874.005556,2019-03-06 22:41:09,"['n0_r1', 'n1_r1', 'n6_r0', 'n6_r1', 'n8_r1', 'n9_r0', 'n9_r1', 'na_r0', 'na_r1', 'nb_r0', 'nb_r1']"
40,40,109415,573605509.7929201,2019-03-06 22:51:44,109431,573605575.3300179,2019-03-06 22:52:50,"['n7_r0', 'n9_r0']"
41,41,113597,573622648.7053722,2019-03-07 03:37:23,113646,573622850.436799,2019-03-07 03:40:45,"['n0_r0', 'n0_r1', 'n1_r0', 'n1_r1', 'n2_r0', 'n2_r1', 'n3_r0', 'n3_r1', 'n4_r1', 'n5_r0', 'n5_r1', 'nb_r0', 'nb_r1']"
42,42,114665,573627025.0707179,2019-03-07 04:50:20,114695,573627147.952662,2019-03-07 04:52:22,"['n7_r0', 'na_r0']"
43,43,122177,573666075.764154,2019-03-07 15:41:10,122178,573666079.8602222,2019-03-07 15:41:14,"['n0_r0', 'n1_r0']"
44,44,122180,573666088.052376,2019-03-07 15:41:23,122220,573666251.895144,2019-03-07 15:44:06,"['n0_r0', 'n1_r0', 'n2_r0']"
45,45,122251,573666378.8732741,2019-03-07 15:46:13,122263,573666428.0260991,2019-03-07 15:47:03,"['n0_r0', 'n1_r0']"
46,46,132265,573710339.916785,2019-03-08 03:58:54,132340,573710647.122479,2019-03-08 04:04:02,"['n2_r0', 'n4_r0', 'n5_r0', 'n7_r0', 'n8_r0', 'n9_r0', 'na_r0', 'nb_r0']"
47,47,132860,573712777.0789009,2019-03-08 04:39:32,132901,573712945.017519,2019-03-08 04:42:20,"['n2_r0', 'n3_r0', 'n6_r0', 'n7_r0', 'na_r0']"
48,48,133863,573716889.5344981,2019-03-08 05:48:04,133901,573717045.185312,2019-03-08 05:50:40,"['n4_r0', 'n8_r0']"
49,49,133912,573717090.242116,2019-03-08 05:51:25,133920,573717123.010695,2019-03-08 05:51:58,"['n4_r0', 'n8_r0']"
50,50,151024,573798518.484848,2019-03-09 04:28:33,151062,573798674.135319,2019-03-09 04:31:09,"['n2_r0', 'n3_r0', 'n5_r0', 'n6_r0', 'n7_r0']"
51,51,151064,573798682.327446,2019-03-09 04:31:17,151074,573798723.288096,2019-03-09 04:31:58,"['n5_r0', 'n6_r0', 'nb_r0']"
52,52,151078,573798739.672349,2019-03-09 04:32:14,151089,573798784.729063,2019-03-09 04:32:59,"['n5_r0', 'nb_r0']"
53,53,172768,573903205.6978719,2019-03-10 09:33:20,172818,573903410.501363,2019-03-10 09:36:45,"['n0_r0', 'n0_r1', 'n1_r0', 'n1_r1', 'n2_r0', 'n2_r1', 'n3_r0', 'n3_r1', 'n4_r0', 'n4_r1', 'n5_r0', 'n5_r1', 'n6_r1', 'n7_r1', 'n8_r1', 'n9_r1', 'na_r0', 'na_r1', 'nb_r0', 'nb_r1']"
54,54,187323,573969465.368682,2019-03-11 03:57:40,187428,573969895.455358,2019-03-11 04:04:50,"['n0_r0', 'n1_r0', 'n2_r0', 'n3_r0', 'n4_r0', 'n5_r0', 'n6_r0', 'n7_r0', 'n8_r0', 'n9_r0', 'na_r0', 'nb_r0']"
55,55,192696,573997587.631243,2019-03-11 11:46:22,192728,573997718.7054089,2019-03-11 11:48:33,"['n0_r0', 'n1_r0', 'n2_r0']"
56,56,205429,574054374.4490161,2019-03-12 03:32:49,205476,574054566.9642969,2019-03-12 03:36:01,"['n0_r1', 'n1_r1', 'n3_r1', 'n4_r1', 'n5_r1', 'n6_r1', 'n8_r1', 'n9_r1', 'na_r1', 'nb_r1', 'nb_r2']"
57,57,205582,574055001.147506,2019-03-12 03:43:16,205600,574055074.876689,2019-03-12 03:44:29,"['n2_r0', 'n8_r0']"
58,58,205603,574055087.164898,2019-03-12 03:44:42,205628,574055189.5665361,2019-03-12 03:46:24,"['n0_r0', 'n1_r0', 'n2_r0', 'n6_r0', 'n7_r0']"
59,59,205661,574055324.736676,2019-03-12 03:48:39,205728,574055599.172965,2019-03-12 03:53:14,"['n0_r0', 'n0_r1', 'n1_r0', 'n1_r1', 'n2_r0', 'n2_r1', 'n3_r0', 'n3_r1', 'n4_r0', 'n4_r1', 'n5_r0', 'n5_r1', 'n6_r0', 'n6_r1', 'n7_r0', 'n7_r1', 'n8_r0', 'n8_r1', 'n9_r0', 'n9_r1', 'na_r0', 'na_r1', 'nb_r0', 'nb_r1']"
60,60,210208,574080138.3553232,2019-03-12 10:42:13,210212,574080155.250072,2019-03-12 10:42:30,"['n0_r0', 'n0_r1', 'n3_r0', 'n3_r1']"
61,61,214540,574101549.8802719,2019-03-12 16:39:04,214556,574101615.4172982,2019-03-12 16:40:10,"['n2_r0', 'n7_r0', 'n9_r0', 'na_r0']"
62,62,254740,574289621.098881,2019-03-14 20:53:36,254783,574289797.2296151,2019-03-14 20:56:32,"['n4_r0', 'n8_r0']"
63,63,261358,574319368.4749641,2019-03-15 05:09:23,261392,574319507.741217,2019-03-15 05:11:42,"['n6_r0', 'n6_r1', 'n9_r0']"
64,64,261451,574319749.409199,2019-03-15 05:15:44,261458,574319778.081681,2019-03-15 05:16:13,"['n6_r0', 'n9_r0']"
65,65,261461,574319790.3698809,2019-03-15 05:16:25,261466,574319810.850214,2019-03-15 05:16:45,"['n6_r0', 'n9_r0']"
66,66,261488,574319900.9637281,2019-03-15 05:18:15,261494,574319925.540139,2019-03-15 05:18:40,"['n6_r0', 'n7_r0']"
67,67,261510,574319995.1733191,2019-03-15 05:19:50,261556,574320183.5925161,2019-03-15 05:22:58,"['n3_r0', 'n6_r0', 'n7_r0']"
68,68,266147,574345069.443512,2019-03-15 12:17:44,266196,574345270.405573,2019-03-15 12:21:05,"['n0_r1', 'n6_r1', 'n7_r1', 'n8_r1', 'n9_r0', 'n9_r1', 'na_r0', 'na_r1', 'nb_r0', 'nb_r1']"
69,69,273161,574376275.939896,2019-03-15 20:57:50,273163,574376284.132007,2019-03-15 20:57:59,"['n7_r0', 'n8_r0']"
70,70,273168,574376304.612324,2019-03-15 20:58:19,273168,574376304.612324,2019-03-15 20:58:19,"['n7_r0', 'n8_r0']"
71,71,273182,574376361.95724,2019-03-15 20:59:16,273262,574376689.6425271,2019-03-15 21:04:44,"['n4_r0', 'n6_r0', 'n7_r0', 'n8_r0']"
72,72,273266,574376706.0267969,2019-03-15 21:05:01,273266,574376706.0267969,2019-03-15 21:05:01,"['n4_r0', 'n8_r0']"
73,73,273273,574376734.6992631,2019-03-15 21:05:29,273307,574376873.9655621,2019-03-15 21:07:48,"['n4_r0', 'n8_r0']"
74,74,276970,574391886.0625551,2019-03-16 01:18:01,277000,574392008.94455,2019-03-16 01:20:03,"['n0_r0', 'n1_r0', 'n5_r0', 'na_r0']"
75,75,287276,574444874.4234309,2019-03-16 16:01:09,287302,574445103.31407,2019-03-16 16:04:58,"['n0_r1', 'n3_r1', 'n5_r1', 'n6_r1', 'nb_r1']"
76,76,292498,574466406.972424,2019-03-16 22:00:01,292650,574467029.574044,2019-03-16 22:10:24,"['n0_r0', 'n3_r0', 'n3_r1', 'n4_r0', 'n4_r1', 'n5_r0', 'n6_r0', 'n7_r0', 'n8_r0']"
77,77,295999,574480755.4991722,2019-03-17 01:59:10,296058,574480997.167464,2019-03-17 02:03:12,"['n0_r0', 'n3_r0', 'n4_r0', 'n6_r0', 'n9_r0', 'na_r0', 'nb_r0']"
78,78,296061,574481009.455679,2019-03-17 02:03:24,296079,574481083.185004,2019-03-17 02:04:38,"['n0_r0', 'n3_r0', 'nb_r0']"
79,79,297130,574486680.863366,2019-03-17 03:37:55,297210,574487008.549262,2019-03-17 03:43:23,"['n1_r0', 'n2_r0', 'n3_r0', 'n4_r0', 'n5_r0', 'n7_r0', 'n8_r0', 'n9_r0', 'na_r0', 'nb_r0']"
80,80,312042,574557191.1478081,2019-03-17 23:13:06,312078,574557338.6062701,2019-03-17 23:15:33,"['n2_r0', 'n6_r0', 'n7_r0', 'n8_r0']"
81,81,313272,574562229.3117019,2019-03-18 00:37:04,313287,574562290.75278,2019-03-18 00:38:05,"['n5_r1', 'nb_r1']"
82,82,313398,574563077.076241,2019-03-18 00:51:12,313447,574563277.783529,2019-03-18 00:54:32,"['n0_r0', 'n0_r1', 'n1_r0', 'n1_r1', 'n2_r0', 'n2_r1', 'n3_r0', 'n5_r0', 'na_r0', 'na_r1', 'nb_r0']"
83,83,350321,574737291.184561,2019-03-20 01:14:46,350323,574737299.3766991,2019-03-20 01:14:54,"['n6_r1', 'n9_r1', 'nb_r1']"
84,84,358605,574780937.765335,2019-03-20 13:22:12,358642,574781089.319677,2019-03-20 13:24:44,"['n2_r0', 'n4_r0', 'n7_r0', 'n9_r0', 'na_r0', 'nb_r0']"
85,85,370125,574832926.4107211,2019-03-21 03:48:41,370127,574832934.6028451,2019-03-21 03:48:49,"['n7_r0', 'n8_r0']"
86,86,370130,574832946.8910309,2019-03-21 03:49:01,370141,574832991.9477278,2019-03-21 03:49:46,"['n7_r0', 'n8_r0']"
87,87,376860,574867015.335963,2019-03-21 13:16:50,376865,574867309.9325219,2019-03-21 13:21:44,"['n5_r1', 'nb_r1']"
88,88,378040,574872130.640015,2019-03-21 14:42:05,378089,574872331.713449,2019-03-21 14:45:26,"['n2_r0', 'n4_r0', 'n5_r0', 'n5_r1']"
89,89,386389,574907587.4005339,2019-03-22 00:33:02,386436,574907779.9155978,2019-03-22 00:36:14,"['n0_r0', 'n1_r0', 'n2_r0', 'n3_r0', 'n4_r0', 'n5_r0']"
90,90,403023,574985245.6694281,2019-03-22 22:07:20,403064,574985413.608274,2019-03-22 22:10:08,"['n0_r0', 'n2_r0', 'n3_r0', 'n4_r0', 'n5_r0']"
91,91,409232,575018220.7840589,2019-03-23 07:16:55,409281,575018421.491634,2019-03-23 07:20:16,"['n0_r1', 'n1_r1', 'n6_r0', 'n6_r1', 'n7_r1', 'n8_r1', 'n9_r0', 'n9_r1', 'na_r0', 'na_r1', 'nb_r1']"
92,92,420602,575067928.7212641,2019-03-23 21:05:23,420652,575068134.5485921,2019-03-23 21:08:49,"['n0_r0', 'n0_r1', 'n0_r2', 'n1_r0', 'n1_r1', 'n1_r2', 'n2_r1', 'n3_r0', 'n3_r1', 'n3_r2', 'n4_r0', 'n4_r1', 'n4_r2', 'n5_r0', 'n5_r1', 'n5_r2', 'n6_r0', 'n6_r1', 'n7_r0', 'n7_r1', 'n8_r0', 'n8_r1', 'na_r1', 'nb_r0', 'nb_r1']"
93,93,420801,575068741.9916241,2019-03-23 21:18:56,420830,575068860.777611,2019-03-23 21:20:55,"['n0_r0', 'n1_r0', 'n3_r0', 'n5_r0']"
94,94,428200,575108486.4052851,2019-03-24 08:21:21,428250,575108691.2087022,2019-03-24 08:24:46,"['n0_r0', 'n0_r1', 'n1_r0', 'n1_r1', 'n2_r0', 'n2_r1', 'n3_r1', 'n4_r1', 'n5_r1', 'n7_r1', 'n8_r1', 'n9_r0', 'n9_r1', 'na_r0', 'na_r1', 'nb_r1']"
95,95,440174,575160262.9965019,2019-03-24 22:44:17,440224,575160467.7999389,2019-03-24 22:47:42,"['n0_r1', 'n6_r0', 'n6_r1', 'n7_r0', 'n7_r1', 'n8_r1', 'n9_r0', 'n9_r1', 'na_r0', 'na_r1', 'nb_r0', 'nb_r1']"
96,96,459213,575251144.388279,2019-03-25 23:58:59,459262,575251338.053979,2019-03-26 00:02:13,"['n0_r1', 'n1_r0', 'n1_r1', 'n2_r0', 'n2_r1', 'n4_r1', 'n5_r1', 'n9_r1', 'na_r1']"
97,97,484680,575374837.7178012,2019-03-27 10:20:32,484680,575374837.7178012,2019-03-27 10:20:32,"['n7_r1', 'n9_r1', 'nb_r1']"
98,98,507316,575478452.6053281,2019-03-28 15:07:27,507388,575478751.617885,2019-03-28 15:12:26,"['n0_r0', 'n1_r0', 'n2_r0', 'n3_r0', 'n4_r0', 'n5_r0', 'n6_r0', 'n7_r0', 'n8_r0', 'n9_r0', 'na_r0', 'nb_r0']"
99,99,510863,575492997.7431692,2019-03-28 19:09:52,510915,575493210.7390461,2019-03-28 19:13:25,"['n0_r0', 'n3_r0', 'n4_r0', 'n5_r0', 'n6_r0', 'n9_r0', 'na_r0', 'nb_r0']"
100,100,513349,575506062.7207509,2019-03-28 22:47:37,513356,575506091.3932179,2019-03-28 22:48:06,"['n6_r0', 'n9_r0']"
101,101,513419,575506349.445307,2019-03-28 22:52:24,513431,575506398.598071,2019-03-28 22:53:13,"['n6_r0', 'n9_r0']"
102,102,513475,575506578.824846,2019-03-28 22:56:13,513506,575506705.802784,2019-03-28 22:58:20,"['n6_r0', 'n7_r0']"
103,103,513508,575506713.9949139,2019-03-28 22:58:28,513546,575506869.6452762,2019-03-28 23:01:04,"['n6_r0', 'n7_r0', 'n8_r0']"
104,104,514564,575512698.757514,2019-03-29 00:38:13,514601,575512850.311792,2019-03-29 00:40:45,"['n6_r0', 'n7_r0', 'n9_r0']"
105,105,521434,575546867.536381,2019-03-29 10:07:42,521437,575546879.824559,2019-03-29 10:07:54,"['n6_r0', 'n7_r0']"
106,106,521458,575546965.8418349,2019-03-29 10:09:20,521595,575547527.002316,2019-03-29 10:18:42,"['n6_r0', 'n7_r0', 'n9_r0', 'na_r0', 'nb_r0']"
107,107,521598,575547539.290509,2019-03-29 10:18:54,521603,575547559.7708191,2019-03-29 10:19:14,"['n9_r0', 'nb_r0']"
108,108,521619,575547625.307843,2019-03-29 10:20:20,521640,575547711.3251879,2019-03-29 10:21:46,"['na_r0', 'nb_r0']"
109,109,523017,575553355.7066411,2019-03-29 11:55:50,523052,575553499.068884,2019-03-29 11:58:14,"['n4_r0', 'n8_r0']"
110,110,523067,575553560.50984,2019-03-29 11:59:15,523067,575553560.50984,2019-03-29 11:59:15,"['n4_r0', 'n8_r0']"
111,111,528519,575575908.6580629,2019-03-29 18:11:43,528569,575576113.461236,2019-03-29 18:15:08,"['n0_r0', 'n1_r0', 'n2_r0', 'n5_r0', 'n6_r0', 'n7_r0']"
112,112,544782,575653765.8971059,2019-03-30 15:49:20,544785,575653778.1853371,2019-03-30 15:49:33,"['n7_r0', 'n8_r0']"
113,113,544787,575653786.377479,2019-03-30 15:49:41,544788,575653790.4735501,2019-03-30 15:49:45,"['n7_r0', 'n8_r0']"
114,114,545516,575656779.451323,2019-03-30 16:39:34,545565,575656980.285408,2019-03-30 16:42:55,"['n0_r0', 'n0_r1', 'n1_r0', 'n1_r1', 'n2_r0', 'n2_r1', 'n4_r1', 'n6_r1', 'n8_r1', 'n9_r0', 'n9_r1', 'na_r0', 'na_r1', 'nb_r1']"
115,115,561890,575735107.373795,2019-03-31 14:25:02,562046,575735750.455811,2019-03-31 14:35:45,"['n0_r0', 'n1_r0', 'n2_r0', 'n3_r0', 'n4_r0', 'n5_r0', 'n6_r0', 'n7_r0', 'n8_r0', 'n9_r0', 'na_r0', 'nb_r0']"
116,116,563365,575741153.170995,2019-03-31 16:05:48,563519,575741783.9647728,2019-03-31 16:16:18,"['n0_r0', 'n1_r0', 'n2_r0', 'n3_r0', 'n4_r0', 'n5_r0', 'n6_r0', 'n7_r0', 'n8_r0', 'n9_r0', 'na_r0', 'nb_r0']"
117,117,563527,575741816.7332879,2019-03-31 16:16:51,563528,575741820.8293519,2019-03-31 16:16:55,"['n8_r0', 'n9_r0']"
118,118,571127,575781624.2574949,2019-04-01 03:20:19,571177,575781830.596786,2019-04-01 03:23:45,"['n3_r0', 'n3_r1', 'n4_r0', 'n4_r1', 'n6_r0', 'n6_r1', 'n7_r0', 'n7_r1', 'n8_r0', 'n8_r1', 'n9_r1', 'na_r1', 'nb_r1']"
119,119,602409,575924243.052966,2019-04-02 18:57:18,602459,575924447.8560691,2019-04-02 19:00:42,"['n2_r0', 'n4_r0', 'n5_r0', 'n7_r0', 'n8_r0']"
120,120,611925,575972572.930762,2019-04-03 08:22:47,611952,575972683.524742,2019-04-03 08:24:38,"['n9_r0', 'na_r0']"
121,121,611981,575972802.310876,2019-04-03 08:26:37,612004,575972896.520566,2019-04-03 08:28:11,"['n9_r0', 'na_r0']"
122,122,612012,575972929.289162,2019-04-03 08:28:44,612018,575972953.865594,2019-04-03 08:29:08,"['n1_r0', 'na_r0']"
123,123,612038,575973035.787068,2019-04-03 08:30:30,612044,575973060.363518,2019-04-03 08:30:55,"['n1_r0', 'n9_r0']"
124,124,614786,575984299.9732182,2019-04-03 11:38:14,614829,575984476.104432,2019-04-03 11:41:11,"['n0_r0', 'n1_r0', 'n2_r0', 'n5_r0']"
125,125,634336,576075433.127599,2019-04-04 12:57:08,634383,576075625.643091,2019-04-04 13:00:20,"['n0_r0', 'n1_r0', 'n2_r0', 'na_r0']"
126,126,634508,576076137.652406,2019-04-04 13:08:52,634543,576076281.014972,2019-04-04 13:11:16,"['n6_r0', 'n9_r0', 'n9_r1', 'na_r0', 'na_r1']"
127,127,635045,576078341.336516,2019-04-04 13:45:36,635093,576078537.9475,2019-04-04 13:48:52,"['n0_r0', 'n0_r1', 'n1_r0', 'n1_r1', 'n2_r0', 'n2_r1', 'n3_r0', 'n3_r1', 'n4_r1', 'n5_r0', 'n5_r1', 'n6_r0', 'n6_r1', 'n7_r0', 'n7_r1', 'n8_r0', 'n8_r1', 'n9_r0', 'n9_r1', 'na_r1', 'nb_r0', 'nb_r1']"
128,128,638651,576095434.172006,2019-04-04 18:30:29,638755,576095864.2585651,2019-04-04 18:37:39,"['n0_r0', 'n1_r0', 'n2_r0', 'n3_r0', 'n4_r0', 'n5_r0', 'n7_r0', 'n8_r0', 'na_r0', 'nb_r0']"
129,129,651069,576155287.616194,2019-04-05 11:08:02,651121,576155500.612058,2019-04-05 11:11:35,"['n0_r0', 'n1_r0', 'n2_r0', 'n9_r0', 'na_r0']"
130,130,651146,576155603.013928,2019-04-05 11:13:18,651155,576155639.8785961,2019-04-05 11:13:54,"['n1_r0', 'n2_r0']"
131,131,653191,576163983.570493,2019-04-05 13:32:58,653231,576164147.412984,2019-04-05 13:35:42,"['n0_r1', 'n1_r1', 'n2_r0', 'n2_r1', 'n3_r1', 'n4_r0', 'n4_r1', 'n5_r0', 'n5_r1', 'n6_r0', 'n6_r1', 'n7_r0', 'n7_r1', 'n8_r0', 'n8_r1', 'n9_r1', 'na_r0', 'na_r1', 'nb_r0', 'nb_r1']"
132,132,654543,576169525.551044,2019-04-05 15:05:20,654561,576169599.280154,2019-04-05 15:06:34,"['n9_r0', 'na_r0']"
133,133,654563,576169607.4722741,2019-04-05 15:06:42,654655,576169984.309958,2019-04-05 15:12:59,"['n0_r0', 'n1_r0', 'n2_r0', 'n3_r0', 'n5_r0', 'n6_r0', 'n7_r0', 'n8_r0', 'n9_r0', 'nb_r0']"
134,134,671353,576249633.807054,2019-04-06 13:20:28,671382,576249752.5928321,2019-04-06 13:22:27,"['n0_r0', 'n0_r1', 'n1_r1', 'n2_r1', 'n3_r1', 'n5_r0', 'n5_r1', 'n6_r0', 'n6_r1', 'n7_r1', 'n8_r1', 'n9_r0', 'n9_r1', 'nb_r0', 'nb_r1']"
135,135,674686,576265966.347362,2019-04-06 17:52:41,674732,576266154.7662951,2019-04-06 17:55:49,"['n3_r0', 'n3_r1', 'n4_r1', 'n6_r1', 'n7_r1']"
136,136,676818,576277986.056498,2019-04-06 21:13:01,676821,576277998.344678,2019-04-06 21:13:13,"['n7_r0', 'n8_r0']"
137,137,676826,576278018.82498,2019-04-06 21:13:33,676830,576278035.209236,2019-04-06 21:13:50,"['n7_r0', 'n8_r0']"
138,138,676834,576278051.5934781,2019-04-06 21:14:06,676941,576278489.87209,2019-04-06 21:21:24,"['n6_r0', 'n7_r0', 'n9_r0', 'nb_r0']"
139,139,676970,576278608.6579051,2019-04-06 21:23:23,676987,576278678.29098,2019-04-06 21:24:33,"['n6_r0', 'n7_r0', 'nb_r0']"
140,140,677024,576278829.845311,2019-04-06 21:27:04,677030,576278854.421699,2019-04-06 21:27:29,"['n7_r0', 'n9_r0', 'nb_r0']"
141,141,677032,576278862.613823,2019-04-06 21:27:37,677073,576279030.5524522,2019-04-06 21:30:25,"['n7_r0', 'n9_r0', 'nb_r0']"
142,142,682172,576304715.2981429,2019-04-07 04:38:30,682177,576304735.778492,2019-04-07 04:38:50,"['n6_r1', 'n7_r1', 'n8_r1', 'n9_r1', 'na_r1', 'nb_r1']"
143,143,707735,576420442.1150889,2019-04-08 12:47:17,707774,576420601.861507,2019-04-08 12:49:56,"['n1_r0', 'n2_r0', 'n3_r0', 'n4_r0', 'n5_r0', 'n8_r0', 'na_r0', 'nb_r0']"
144,144,707798,576420700.166996,2019-04-08 12:51:35,707875,576421018.6357421,2019-04-08 12:56:53,"['n0_r0', 'n0_r1', 'n1_r0', 'n1_r1', 'n2_r0', 'n2_r1', 'n3_r0', 'n3_r1', 'n4_r0', 'n4_r1', 'n5_r0', 'n5_r1', 'n6_r0', 'n6_r1', 'n7_r0', 'n7_r1', 'n8_r0', 'n8_r1', 'n9_r0', 'n9_r1', 'na_r0', 'na_r1', 'nb_r0', 'nb_r1']"
145,145,709192,576426417.7976379,2019-04-08 14:26:52,709356,576427089.55161,2019-04-08 14:38:04,"['n0_r0', 'n1_r0', 'n2_r0', 'n3_r0', 'n4_r0', 'n5_r0', 'n6_r0', 'n7_r0', 'n8_r0', 'n9_r0', 'n9_r1', 'na_r0', 'nb_r0']"
146,146,723983,576497648.0326769,2019-04-09 10:14:03,724106,576498151.84945,2019-04-09 10:22:26,"['n0_r0', 'n0_r1', 'n1_r0', 'n1_r1', 'n2_r0', 'n2_r1', 'n6_r0', 'n9_r0', 'n9_r1', 'na_r0', 'na_r1']"
147,147,726880,576510257.374908,2019-04-09 13:44:12,726884,576510273.7591852,2019-04-09 13:44:28,"['n3_r0', 'n7_r0']"
148,148,726896,576510322.9120309,2019-04-09 13:45:17,726922,576510429.409864,2019-04-09 13:47:04,"['n0_r0', 'n3_r0', 'n4_r0', 'n7_r0']"
149,149,727159,576511400.177825,2019-04-09 14:03:15,727159,576511400.177825,2019-04-09 14:03:15,"['n7_r0', 'n8_r0']"
150,150,728932,576521618.765773,2019-04-09 16:53:33,728936,576521635.150066,2019-04-09 16:53:50,"['n3_r0', 'n7_r0']"
151,151,728957,576521721.1675481,2019-04-09 16:55:16,728959,576521729.359686,2019-04-09 16:55:24,"['n3_r0', 'n7_r0']"
152,152,729163,576522564.957582,2019-04-09 17:09:19,729165,576522573.1497179,2019-04-09 17:09:28,"['n7_r0', 'n8_r0']"
153,153,729167,576522581.341846,2019-04-09 17:09:36,729173,576522605.9182321,2019-04-09 17:10:00,"['n7_r0', 'n8_r0']"
154,154,731045,576533531.145278,2019-04-09 20:12:06,731048,576533543.433482,2019-04-09 20:12:18,"['n3_r0', 'n7_r0']"
155,155,731075,576533654.027348,2019-04-09 20:14:09,731076,576533658.123424,2019-04-09 20:14:13,"['n4_r0', 'n7_r0']"
156,156,731215,576534231.5728459,2019-04-09 20:23:46,731220,576534252.0531821,2019-04-09 20:24:07,"['n7_r0', 'n8_r0']"
157,157,740715,576577413.446296,2019-04-10 08:23:28,740825,576577864.0141519,2019-04-10 08:30:59,"['n0_r0', 'n1_r0', 'n2_r0', 'n6_r0', 'n9_r0', 'n9_r1', 'na_r0', 'na_r1', 'nb_r0']"
158,158,742663,576585396.6848401,2019-04-10 10:36:31,742825,576586060.247588,2019-04-10 10:47:35,"['n2_r0', 'n3_r0', 'n4_r0', 'n6_r0', 'n7_r0', 'n8_r0', 'n9_r0', 'na_r0']"
159,159,744132,576591422.0002921,2019-04-10 12:16:57,744219,576591778.3578781,2019-04-10 12:22:53,"['n0_r0', 'n2_r0', 'n3_r0', 'n4_r0', 'n5_r0', 'n7_r0', 'n8_r0', 'na_r0', 'nb_r0']"
160,160,744230,576591823.414569,2019-04-10 12:23:38,744231,576591827.51063,2019-04-10 12:23:42,"['n7_r0', 'n8_r0']"
161,161,744240,576591864.3751961,2019-04-10 12:24:19,744289,576592065.082232,2019-04-10 12:27:40,"['n2_r0', 'n3_r0', 'n4_r0', 'n5_r0', 'n6_r0', 'n7_r0', 'n8_r0', 'na_r0']"
162,162,760247,576668757.181324,2019-04-11 09:45:52,760248,576668761.2773932,2019-04-11 09:45:56,"['n1_r1', 'n9_r1', 'na_r1']"
163,163,762512,576678040.968296,2019-04-11 12:20:35,762526,576678098.313169,2019-04-11 12:21:33,"['n6_r0', 'n7_r0']"
164,164,763308,576682419.136013,2019-04-11 13:33:34,763326,576682492.8652099,2019-04-11 13:34:47,"['n0_r0', 'n1_r0']"
165,165,763606,576683646.931182,2019-04-11 13:54:01,763647,576683814.8696821,2019-04-11 13:56:49,"['n0_r1', 'n1_r0', 'n1_r1', 'n2_r1', 'n5_r0', 'n5_r1', 'n9_r0']"
166,166,789979,576812530.197096,2019-04-13 01:42:05,789983,576812546.5814179,2019-04-13 01:42:21,"['n9_r1', 'na_r1', 'nb_r1']"
167,167,793833,576828497.364341,2019-04-13 06:08:12,793878,576828681.6879351,2019-04-13 06:11:16,"['n9_r0', 'na_r0', 'nb_r0']"
168,168,812039,576913801.876997,2019-04-14 05:49:56,812068,576913920.663343,2019-04-14 05:51:55,"['n9_r0', 'nb_r0']"
169,169,815946,576929813.4582981,2019-04-14 10:16:48,815976,576929936.340616,2019-04-14 10:18:51,"['n0_r1', 'n8_r1', 'n9_r0', 'n9_r1', 'nb_r1']"
170,170,826765,576984732.088191,2019-04-15 01:32:07,826766,576984736.1842741,2019-04-15 01:32:11,"['n8_r0', 'nb_r0']"
171,171,826772,576984760.7607732,2019-04-15 01:32:35,826779,576984789.433375,2019-04-15 01:33:04,"['n8_r0', 'nb_r0']"
172,172,826805,576984895.9315671,2019-04-15 01:34:50,826859,576985117.120113,2019-04-15 01:38:32,"['n8_r0', 'nb_r0']"
173,173,829072,576994191.42907,2019-04-15 04:09:46,829122,576994397.815877,2019-04-15 04:13:12,"['n0_r0', 'n0_r1', 'n0_r2', 'n1_r0', 'n1_r1', 'n1_r2', 'n2_r0', 'n2_r1', 'n2_r2', 'n3_r0', 'n3_r1', 'n3_r2', 'n4_r0', 'n4_r1', 'n4_r2', 'n5_r0', 'n5_r1', 'n5_r2', 'n6_r1', 'n6_r2', 'n7_r1', 'n8_r1', 'n9_r1', 'na_r1', 'nb_r1']"
174,174,840508,577049470.32337,2019-04-15 19:31:05,840512,577049486.707672,2019-04-15 19:31:21,"['n4_r0', 'n5_r0']"
175,175,869699,577183232.291044,2019-04-17 08:40:27,869739,577183396.13447,2019-04-17 08:43:11,"['n6_r0', 'n9_r0']"
176,176,879610,577234629.1763259,2019-04-17 22:57:04,879611,577234633.2724099,2019-04-17 22:57:08,"['n3_r1', 'n5_r1', 'n6_r1', 'n7_r1', 'nb_r1']"
177,177,883341,577250249.295662,2019-04-18 03:17:24,883390,577250450.0036812,2019-04-18 03:20:45,"['n6_r0', 'n7_r0', 'n9_r0', 'na_r0']"
178,178,887472,577267182.508944,2019-04-18 07:59:37,887503,577267309.487458,2019-04-18 08:01:44,"['n4_r0', 'n6_r0', 'na_r0']"
179,179,887513,577267350.448272,2019-04-18 08:02:25,887515,577267358.6404309,2019-04-18 08:02:33,"['n4_r0', 'na_r0']"
180,180,888350,577270782.968332,2019-04-18 08:59:37,888351,577270787.0644269,2019-04-18 08:59:42,"['n2_r0', 'n7_r0']"
181,181,889571,577277019.3607169,2019-04-18 10:43:34,889590,577277097.186302,2019-04-18 10:44:52,"['n4_r0', 'n9_r0', 'na_r0']"
182,182,897810,577320315.7173821,2019-04-18 22:45:10,897836,577320422.2156429,2019-04-18 22:46:57,"['n5_r1', 'n6_r1', 'n7_r1', 'nb_r1']"
183,183,904255,577346746.390054,2019-04-19 06:05:41,904307,577346959.3862541,2019-04-19 06:09:14,"['n0_r0', 'n3_r0', 'n4_r0', 'n5_r0', 'n6_r0', 'n7_r0', 'n9_r0', 'na_r0', 'nb_r0']"
184,184,905681,577352591.5026171,2019-04-19 07:43:06,905779,577352992.918584,2019-04-19 07:49:47,"['n3_r0', 'n4_r0', 'n5_r0', 'n6_r0', 'n7_r0', 'n9_r0', 'na_r0', 'nb_r0']"
185,185,907304,577360545.2036531,2019-04-19 09:55:40,907326,577360635.700248,2019-04-19 09:57:10,"['n0_r0', 'n0_r1', 'n1_r0', 'n1_r1', 'n2_r1', 'n4_r1', 'n6_r1', 'n8_r1', 'n9_r0', 'n9_r1', 'na_r1']"
186,186,907343,577360705.333737,2019-04-19 09:58:20,907346,577360717.6219932,2019-04-19 09:58:32,"['n0_r1', 'n1_r1', 'n2_r1', 'n9_r1']"
187,187,907354,577360750.390696,2019-04-19 09:59:05,907366,577360799.543741,2019-04-19 09:59:54,"['n0_r1', 'n1_r0', 'n1_r1', 'n2_r0', 'n2_r1', 'n4_r1', 'n9_r0', 'n9_r1', 'na_r0', 'na_r1']"
188,188,929042,577465734.29373,2019-04-20 15:08:49,929050,577465767.062396,2019-04-20 15:09:22,"['n4_r1', 'n8_r1']"
189,189,934486,577492381.6362131,2019-04-20 22:32:56,934504,577492455.365814,2019-04-20 22:34:10,"['n6_r0', 'n7_r0', 'n9_r0', 'nb_r0']"
190,190,940773,577518148.440261,2019-04-21 05:42:23,940822,577518349.148191,2019-04-21 05:45:44,"['n3_r0', 'n4_r0', 'n6_r0', 'na_r0']"
191,191,958878,577603650.6832161,2019-04-22 05:27:25,958959,577603982.465641,2019-04-22 05:32:57,"['n0_r0', 'n1_r0', 'n2_r0', 'n3_r0', 'n4_r0', 'n5_r0', 'n6_r0', 'n7_r0', 'n8_r0', 'n9_r0', 'na_r0', 'nb_r0']"
192,192,971517,577666707.467437,2019-04-22 22:58:22,971543,577666815.5015211,2019-04-22 23:00:10,"['n6_r0', 'n7_r0', 'n7_r1', 'n8_r0', 'n8_r1']"
193,193,977059,577689415.1444421,2019-04-23 05:16:50,977118,577689656.813063,2019-04-23 05:20:51,"['n2_r0', 'n3_r0', 'n4_r0', 'n5_r0', 'n6_r0', 'n7_r0', 'n9_r0', 'na_r0', 'nb_r0']"
194,194,987362,577742411.731722,2019-04-23 20:00:06,987367,577742432.212144,2019-04-23 20:00:27,"['n2_r1', 'n3_r1', 'n5_r1', 'n6_r1', 'na_r1', 'nb_r1']"
195,195,991165,577758246.653792,2019-04-24 00:24:01,991296,577758783.2401049,2019-04-24 00:32:58,"['n6_r0', 'n7_r0', 'n8_r0', 'nb_r0']"
196,196,1007868,577837417.013301,2019-04-24 22:23:32,1007917,577837617.7211461,2019-04-24 22:26:52,"['n6_r0', 'n7_r0', 'n8_r0']"
197,197,1007923,577837642.29762,2019-04-24 22:27:17,1007966,577837818.4289501,2019-04-24 22:30:13,"['n6_r0', 'n7_r0', 'n9_r0']"
198,198,1007978,577837867.5818728,2019-04-24 22:31:02,1008056,577838187.0758929,2019-04-24 22:36:22,"['n6_r0', 'n7_r0', 'n9_r0', 'nb_r0']"
199,199,1008079,577838281.2856642,2019-04-24 22:37:56,1008079,577838281.2856642,2019-04-24 22:37:56,"['n6_r0', 'n9_r0']"
200,200,1008081,577838289.4778153,2019-04-24 22:38:04,1008106,577838391.87974,2019-04-24 22:39:46,"['n6_r0', 'n7_r0', 'n9_r0', 'nb_r0']"
201,201,1008133,577838502.473842,2019-04-24 22:41:37,1008133,577838502.473842,2019-04-24 22:41:37,"['n9_r0', 'na_r0']"
202,202,1010615,577848673.046567,2019-04-25 01:31:08,1010617,577848681.238733,2019-04-25 01:31:16,"['n7_r0', 'n8_r0']"
203,203,1010619,577848689.430889,2019-04-25 01:31:24,1010627,577848722.1995312,2019-04-25 01:31:57,"['n7_r0', 'n8_r0']"
204,204,1013523,577860594.4937791,2019-04-25 04:49:49,1013593,577860881.2191551,2019-04-25 04:54:36,"['n2_r0', 'n3_r0', 'n4_r0', 'n5_r0', 'n6_r0', 'n7_r0', 'n8_r0', 'na_r0', 'nb_r0']"
205,205,1020700,577898762.452889,2019-04-25 15:25:57,1020736,577898909.9119861,2019-04-25 15:28:24,"['n8_r0', 'nb_r0']"
206,206,1020820,577899253.9831519,2019-04-25 15:34:08,1020821,577899258.079245,2019-04-25 15:34:13,"['n7_r0', 'n8_r0']"
207,207,1022061,577905414.488972,2019-04-25 17:16:49,1022144,577905754.4636692,2019-04-25 17:22:29,"['n6_r0', 'n7_r0', 'n8_r0']"
208,208,1030388,577940333.2513051,2019-04-26 02:58:48,1030423,577940476.613961,2019-04-26 03:01:11,"['n0_r0', 'n1_r0', 'n2_r0', 'n5_r0', 'n8_r0', 'na_r0']"
209,209,1064688,578103391.245497,2019-04-28 00:16:26,1064733,578103575.5686929,2019-04-28 00:19:30,"['n0_r0', 'n0_r1', 'n1_r0', 'n1_r1', 'n2_r0', 'n2_r1', 'n3_r0', 'n3_r1', 'n4_r0', 'n4_r1', 'n5_r0', 'n5_r1', 'n6_r0', 'n6_r1', 'n7_r0', 'n7_r1', 'n8_r0', 'n8_r1', 'n9_r0', 'n9_r1', 'na_r1', 'nb_r0', 'nb_r1']"
210,210,1066678,578111546.5169929,2019-04-28 02:32:21,1066747,578111829.145362,2019-04-28 02:37:04,"['n0_r0', 'n1_r0', 'n2_r0', 'n3_r0', 'n5_r0', 'n6_r0', 'n7_r0', 'n8_r0', 'nb_r0']"
211,211,1074353,578151640.587559,2019-04-28 13:40:35,1074382,578151759.3733929,2019-04-28 13:42:34,"['n1_r0', 'n2_r0', 'n3_r0', 'n4_r0', 'n5_r0', 'n6_r0', 'n7_r0', 'n8_r0', 'na_r0']"
212,212,1078240,578170101.8122281,2019-04-28 18:48:16,1078256,578170167.349236,2019-04-28 18:49:22,"['n0_r0', 'n0_r1', 'n1_r0', 'n1_r1', 'n2_r1', 'n3_r1', 'n4_r1', 'n5_r1']"
213,213,1084850,578197198.950035,2019-04-29 02:19:53,1084914,578197461.098119,2019-04-29 02:24:16,"['n0_r0', 'n1_r0', 'n2_r0', 'n3_r0', 'n4_r0', 'n5_r0', 'n8_r0', 'n9_r0', 'na_r0']"
214,214,1092520,578237339.835043,2019-04-29 13:28:54,1092534,578237397.1799331,2019-04-29 13:29:52,"['n0_r0', 'n1_r0', 'n3_r0', 'n5_r0', 'n6_r0', 'n7_r0', 'n8_r0', 'n9_r0']"
215,215,1095162,578250197.6593131,2019-04-29 17:03:12,1095170,578250230.4278259,2019-04-29 17:03:45,"['n0_r1', 'n3_r1', 'n5_r1', 'n7_r1', 'na_r1', 'nb_r1']"
216,216,1103047,578282706.06488,2019-04-30 02:05:01,1103070,578282800.2743659,2019-04-30 02:06:35,"['n0_r0', 'n1_r0', 'n6_r0', 'n8_r0']"
217,217,1111921,578328899.6509769,2019-04-30 14:54:54,1111925,578328916.0352262,2019-04-30 14:55:11,"['n6_r0', 'n9_r0']"
218,218,1111929,578328932.4194751,2019-04-30 14:55:27,1111944,578328993.860392,2019-04-30 14:56:28,"['n6_r0', 'n7_r0', 'n9_r0']"
219,219,1111947,578329006.148586,2019-04-30 14:56:41,1111965,578329079.877675,2019-04-30 14:57:54,"['n3_r0', 'n4_r0', 'n5_r0', 'n6_r0', 'n7_r0', 'n9_r0', 'na_r0']"
220,220,1121136,578367517.140908,2019-05-01 01:38:32,1121164,578367631.8308251,2019-05-01 01:40:26,"['n5_r1', 'n6_r1', 'n8_r1', 'nb_r1']"
221,221,1136972,578442976.102227,2019-05-01 22:36:11,1137109,578443537.2625651,2019-05-01 22:45:32,"['n0_r0', 'n3_r0', 'n4_r0', 'n6_r0', 'n7_r0', 'n8_r0', 'n8_r1']"
222,222,1154293,578525209.248829,2019-05-02 21:26:44,1154353,578525455.012859,2019-05-02 21:30:50,"['n3_r0', 'n4_r0', 'n9_r0', 'na_r0']"
223,223,1192069,578702382.0091051,2019-05-04 22:39:37,1192098,578702500.7950671,2019-05-04 22:41:35,"['n0_r0', 'n1_r0', 'n3_r0', 'n5_r0']"
224,224,1215079,578811994.4815309,2019-05-06 05:06:29,1215154,578812303.734967,2019-05-06 05:11:38,"['n0_r0', 'n0_r1', 'n1_r0', 'n1_r1', 'n2_r0', 'n2_r1', 'n3_r0', 'n3_r1', 'n4_r0', 'n4_r1', 'n5_r0', 'n5_r1']"
225,225,1221263,578843486.046584,2019-05-06 13:51:21,1221331,578843766.1147091,2019-05-06 13:56:01,"['n0_r0', 'n1_r0', 'n2_r0', 'n3_r0', 'n4_r0', 'n5_r0', 'n5_r1']"
226,226,1224720,578857657.990465,2019-05-06 17:47:32,1224769,578857861.7700701,2019-05-06 17:50:56,"['n1_r0', 'n2_r0', 'n3_r0', 'n4_r0', 'n4_r1', 'n5_r0', 'n5_r1']"
227,227,1229012,578875252.880366,2019-05-06 22:40:47,1229054,578875424.915432,2019-05-06 22:43:39,"['n0_r1', 'n1_r1', 'n2_r1', 'n3_r1', 'n4_r1', 'n5_r1', 'n5_r2', 'n6_r1', 'n7_r1', 'n8_r1', 'n9_r1', 'na_r1', 'nb_r1']"
228,228,1229103,578876084.572902,2019-05-06 22:54:39,1229172,578876367.201635,2019-05-06 22:59:22,"['n0_r0', 'n0_r1', 'n1_r0', 'n2_r0', 'n3_r0', 'n3_r1', 'n4_r0', 'n4_r1', 'n8_r0', 'n9_r0', 'na_r0', 'na_r1']"
229,229,1245993,578955818.806833,2019-05-07 21:03:33,1246037,578955999.033933,2019-05-07 21:06:34,"['n0_r0', 'n3_r0', 'n4_r0', 'n5_r0', 'n6_r0', 'n9_r0', 'na_r0']"
230,230,1247717,578963794.125768,2019-05-07 23:16:29,1247767,578964000.464888,2019-05-07 23:19:55,"['n0_r1', 'n6_r1', 'n7_r1', 'n8_r1', 'n9_r0', 'n9_r1', 'na_r0', 'na_r1', 'nb_r0', 'nb_r1']"
231,231,1249770,578975201.6152179,2019-05-08 02:26:36,1249770,578975201.6152179,2019-05-08 02:26:36,"['n9_r0', 'nb_r0']"
232,232,1249773,578975213.903396,2019-05-08 02:26:48,1249779,578975238.4797701,2019-05-08 02:27:13,"['n9_r0', 'nb_r0']"
233,233,1252396,578989198.298213,2019-05-08 06:19:53,1252436,578989362.1411,2019-05-08 06:22:37,"['n9_r0', 'na_r0', 'nb_r0']"
234,234,1262848,579036179.7525201,2019-05-08 19:22:54,1262860,579036228.905331,2019-05-08 19:23:43,"['n7_r1', 'n8_r0', 'n8_r1', 'nb_r1']"
235,235,1270150,579073436.680969,2019-05-09 05:43:51,1270248,579073840.333675,2019-05-09 05:50:35,"['n0_r0', 'n0_r1', 'n1_r0', 'n1_r1', 'n2_r0', 'n2_r1', 'n3_r0', 'n3_r1', 'n4_r0', 'n4_r1', 'n5_r0', 'n5_r1', 'n7_r0', 'n8_r0', 'nb_r0']"
236,236,1300515,579212822.6182821,2019-05-10 20:26:57,1300516,579212826.71435,2019-05-10 20:27:01,"['n3_r0', 'n4_r0']"
237,237,1300518,579212834.906486,2019-05-10 20:27:09,1300520,579212843.0986401,2019-05-10 20:27:18,"['n3_r0', 'n4_r0']"
238,238,1307861,579251671.919611,2019-05-11 07:14:26,1307910,579251873.137672,2019-05-11 07:17:48,"['n0_r0', 'n0_r1', 'n1_r1', 'n2_r1', 'n3_r0', 'n3_r1', 'n4_r1', 'n5_r1', 'n6_r0', 'n6_r1', 'n7_r0', 'n7_r1', 'n8_r0', 'n8_r1', 'n9_r0', 'n9_r1', 'na_r1', 'nb_r1']"
239,239,1308173,579252948.9012821,2019-05-11 07:35:43,1308174,579252952.9973581,2019-05-11 07:35:47,"['n4_r0', 'n6_r0']"
240,240,1309347,579258861.154429,2019-05-11 09:14:16,1309380,579258996.324646,2019-05-11 09:16:31,"['n0_r0', 'n1_r0', 'n2_r0', 'n3_r0', 'n4_r0', 'n5_r0', 'n7_r0', 'n8_r0', 'n9_r0', 'na_r0', 'nb_r0']"
241,241,1313259,579275776.945328,2019-05-11 13:56:11,1313375,579276252.0893012,2019-05-11 14:04:07,"['n0_r0', 'n1_r0', 'n2_r0', 'n3_r0', 'n4_r0', 'n5_r0']"
242,242,1318749,579298276.636433,2019-05-11 20:11:11,1318819,579298563.3613961,2019-05-11 20:15:58,"['n0_r0', 'n1_r0', 'n3_r0', 'n4_r0', 'n5_r0', 'n6_r0', 'n9_r0', 'na_r0']"
243,243,1365192,579521699.433529,2019-05-14 10:14:54,1365342,579522313.843384,2019-05-14 10:25:08,"['n0_r0', 'n1_r0', 'n2_r0', 'n4_r0', 'n5_r0', 'n6_r0', 'n7_r0', 'n8_r0', 'n9_r0', 'na_r0', 'nb_r0']"
244,244,1365433,579522686.585116,2019-05-14 10:31:21,1365496,579522944.636958,2019-05-14 10:35:39,"['n0_r0', 'n0_r1', 'n2_r0', 'n2_r1', 'n3_r0', 'n3_r1', 'n4_r0', 'n4_r1', 'n5_r0', 'n5_r1', 'n6_r0', 'n6_r1', 'n7_r0', 'n7_r1', 'n8_r0', 'n8_r1', 'n9_r0', 'n9_r1', 'na_r0', 'na_r1', 'nb_r0', 'nb_r1']"
245,245,1366383,579526581.942695,2019-05-14 11:36:16,1366426,579526758.0737821,2019-05-14 11:39:13,"['n0_r0', 'n3_r0', 'n4_r0', 'n9_r0', 'na_r0']"
246,246,1366644,579527651.016796,2019-05-14 11:54:06,1366976,579529010.909483,2019-05-14 12:16:45,"['n0_r0', 'n0_r1', 'n1_r0', 'n1_r1', 'n2_r0', 'n2_r1', 'n3_r0', 'n3_r1', 'n4_r0', 'n4_r1', 'n5_r0', 'n5_r1', 'n6_r0', 'n6_r1', 'n7_r0', 'n7_r1', 'n8_r0', 'n8_r1', 'n9_r0', 'n9_r1', 'na_r0', 'na_r1', 'nb_r0', 'nb_r1']"
247,247,1368183,579533958.9577711,2019-05-14 13:39:13,1368190,579533987.630211,2019-05-14 13:39:42,"['n2_r0', 'n7_r0']"
248,248,1368253,579534245.682132,2019-05-14 13:44:00,1368460,579535093.566594,2019-05-14 13:58:08,"['n0_r0', 'n0_r1', 'n1_r0', 'n1_r1', 'n2_r0', 'n2_r1', 'n3_r0', 'n3_r1', 'n4_r0', 'n4_r1', 'n5_r0', 'n5_r1', 'n6_r0', 'n6_r1', 'n7_r0', 'n7_r1', 'n8_r0', 'n8_r1', 'n9_r0', 'n9_r1', 'na_r0', 'na_r1', 'nb_r0', 'nb_r1']"
249,249,1369570,579539644.297294,2019-05-14 15:13:59,1369612,579539816.3319219,2019-05-14 15:16:51,"['n9_r0', 'na_r0']"
250,250,1369717,579540246.418293,2019-05-14 15:24:01,1369945,579541184.416062,2019-05-14 15:39:39,"['n0_r0', 'n1_r0', 'n2_r0', 'n3_r0', 'n4_r0', 'n5_r0', 'n6_r0', 'n7_r0', 'n8_r0', 'n9_r0', 'na_r0', 'nb_r0']"
251,251,1371183,579546263.019295,2019-05-14 17:04:18,1371336,579546889.7165741,2019-05-14 17:14:44,"['n0_r0', 'n2_r0', 'n3_r0', 'n4_r0', 'n5_r0', 'n7_r0', 'n8_r0', 'n9_r0', 'na_r0', 'nb_r0']"
252,252,1371855,579549015.575176,2019-05-14 17:50:10,1371945,579549384.221619,2019-05-14 17:56:19,"['n0_r0', 'n1_r0', 'n2_r0', 'n3_r0', 'n4_r0', 'n5_r0', 'n6_r0', 'n7_r0', 'n9_r0', 'na_r0', 'nb_r0']"
253,253,1372042,579549781.540547,2019-05-14 18:02:56,1372136,579550166.571096,2019-05-14 18:09:21,"['n0_r0', 'n1_r0', 'n1_r1', 'n2_r0', 'n2_r1', 'n3_r0', 'n5_r0', 'n5_r1']"
254,254,1372748,579552673.3613551,2019-05-14 18:51:08,1372749,579552677.457416,2019-05-14 18:51:12,"['n6_r0', 'n7_r0']"
255,255,1373675,579557580.6391028,2019-05-14 20:12:55,1373736,579557830.4987581,2019-05-14 20:17:05,"['n9_r0', 'n9_r1', 'na_r0', 'nb_r0']"
256,256,1373821,579558178.6639222,2019-05-14 20:22:53,1373859,579558334.314278,2019-05-14 20:25:29,"['n9_r0', 'na_r0']"
257,257,1374524,579562525.2315309,2019-05-14 21:35:20,1374524,579562525.2315309,2019-05-14 21:35:20,"['n9_r0', 'na_r0']"
258,258,1374528,579562541.6157762,2019-05-14 21:35:36,1374531,579562553.90396,2019-05-14 21:35:48,"['n9_r0', 'na_r0']"
259,259,1374535,579562570.28822,2019-05-14 21:36:05,1374544,579562607.1527852,2019-05-14 21:36:42,"['n9_r0', 'na_r0']"
260,260,1374566,579562700.338194,2019-05-14 21:38:15,1374570,579562716.7224361,2019-05-14 21:38:31,"['n9_r0', 'na_r0']"
261,261,1374590,579562798.643664,2019-05-14 21:39:53,1374611,579562884.6609429,2019-05-14 21:41:19,"['n9_r0', 'n9_r1', 'na_r0']"
262,262,1374615,579562901.045187,2019-05-14 21:41:36,1374635,579562982.966393,2019-05-14 21:42:57,"['n9_r0', 'n9_r1', 'na_r0']"
263,263,1374667,579563114.040308,2019-05-14 21:45:09,1374672,579563134.520607,2019-05-14 21:45:29,"['n6_r0', 'n9_r0']"
264,264,1375593,579568532.8395339,2019-05-14 23:15:27,1375629,579568680.29773,2019-05-14 23:17:55,"['n6_r0', 'n7_r0']"
265,265,1386144,579618764.1183901,2019-05-15 13:12:39,1386167,579618858.3279611,2019-05-15 13:14:13,"['n6_r0', 'n9_r0']"
266,266,1386203,579619005.786391,2019-05-15 13:16:40,1386374,579619706.213559,2019-05-15 13:28:21,"['n6_r0', 'n7_r0', 'n9_r0', 'nb_r0']"
267,267,1386405,579619833.191503,2019-05-15 13:30:28,1386415,579619874.152126,2019-05-15 13:31:09,"['n6_r0', 'nb_r0']"
268,268,1387941,579626128.8446131,2019-05-15 15:15:23,1388035,579626513.874284,2019-05-15 15:21:48,"['n0_r0', 'n1_r0', 'n2_r0', 'n3_r0', 'n4_r0', 'n5_r0', 'n7_r0', 'n8_r0', 'n9_r0', 'na_r0', 'nb_r0']"
269,269,1390099,579634972.251097,2019-05-15 17:42:47,1390119,579635054.172535,2019-05-15 17:44:09,"['n4_r0', 'n7_r0']"
270,270,1400389,579687897.194896,2019-05-16 08:24:52,1400398,579687934.059477,2019-05-16 08:25:29,"['n0_r1', 'n1_r1', 'n5_r1', 'na_r1', 'nb_r1']"
271,271,1404713,579705793.226171,2019-05-16 13:23:08,1404773,579706038.989778,2019-05-16 13:27:13,"['n0_r0', 'n1_r0', 'n2_r0', 'n3_r0', 'n4_r0', 'n5_r0', 'n6_r0', 'n8_r0', 'n9_r0', 'na_r0', 'nb_r0']"
272,272,1406153,579711699.753243,2019-05-16 15:01:34,1406254,579712113.4552852,2019-05-16 15:08:28,"['n0_r0', 'n3_r0', 'n4_r0', 'n5_r0', 'n6_r0', 'n7_r0', 'n9_r0', 'na_r0', 'nb_r0']"
273,273,1426359,579805216.554378,2019-05-17 17:00:11,1426373,579805273.8993231,2019-05-17 17:01:08,"['n8_r1', 'nb_r1']"
274,274,1426502,579805802.292254,2019-05-17 17:09:57,1426547,579805986.6154262,2019-05-17 17:13:01,"['n4_r0', 'n6_r0', 'n7_r0', 'n8_r0', 'na_r0']"
275,275,1428229,579814213.892417,2019-05-17 19:30:08,1428243,579814272.773289,2019-05-17 19:31:07,"['n0_r1', 'n9_r0', 'n9_r1', 'na_r0', 'na_r1', 'nb_r1']"
276,276,1442717,579882840.0281291,2019-05-18 14:33:55,1442810,579883220.9616972,2019-05-18 14:40:15,"['n0_r0', 'n1_r0', 'n2_r0', 'n3_r0', 'n4_r0', 'n5_r0', 'n6_r0', 'n8_r0', 'n9_r0', 'na_r0', 'nb_r0']"
277,277,1454779,579943504.904763,2019-05-19 07:24:59,1454828,579943706.1226251,2019-05-19 07:28:21,"['n0_r0', 'n0_r1', 'n1_r0', 'n1_r1', 'n2_r0', 'n2_r1', 'n3_r1', 'n4_r0', 'n4_r1', 'n5_r0', 'n5_r1', 'n8_r1', 'n9_r0', 'n9_r1', 'na_r0', 'na_r1']"
278,278,1460910,579968637.4188371,2019-05-19 14:23:52,1460956,579968825.837578,2019-05-19 14:27:00,"['n0_r0', 'n1_r0', 'n3_r0', 'n4_r0', 'n9_r0']"
279,279,1461075,579969313.2687219,2019-05-19 14:35:08,1461095,579969395.1899381,2019-05-19 14:36:30,"['n2_r1', 'n4_r1', 'n5_r1', 'n7_r1', 'n8_r0', 'n8_r1', 'na_r1', 'nb_r0']"
280,280,1462405,579974761.036725,2019-05-19 16:05:56,1462421,579974826.573683,2019-05-19 16:07:01,"['n6_r0', 'n9_r0']"
281,281,1462424,579974838.861858,2019-05-19 16:07:13,1462425,579974842.957924,2019-05-19 16:07:17,"['n6_r0', 'n9_r0']"
282,282,1463542,579980445.695133,2019-05-19 17:40:40,1463592,579980650.498139,2019-05-19 17:44:05,"['n0_r0', 'n1_r0', 'n2_r0', 'n3_r0', 'n4_r0', 'n5_r0', 'n6_r0', 'n7_r0', 'n8_r0', 'n9_r0', 'na_r0', 'nb_r0']"
283,283,1471713,580023652.0506691,2019-05-20 05:40:47,1471727,580023709.3956572,2019-05-20 05:41:44,"['n4_r0', 'n5_r0', 'n8_r0']"
284,284,1473271,580030560.6411519,2019-05-20 07:35:55,1473320,580030761.3483009,2019-05-20 07:39:16,"['n0_r0', 'n1_r0', 'n2_r0', 'n3_r0', 'n4_r0', 'n5_r0', 'n8_r0', 'n9_r0', 'na_r0', 'nb_r0']"
285,285,1474726,580036524.512161,2019-05-20 09:15:19,1474769,580036700.642861,2019-05-20 09:18:15,"['n2_r0', 'n3_r0', 'n4_r0', 'n6_r0', 'n7_r0', 'n9_r0', 'na_r0']"
286,286,1476191,580042529.343876,2019-05-20 10:55:24,1476254,580042787.395721,2019-05-20 10:59:42,"['n0_r0', 'n1_r0', 'n2_r0', 'n3_r0', 'n4_r0', 'n5_r0', 'n7_r0', 'n8_r0', 'n9_r0', 'na_r0', 'nb_r0']"
287,287,1477741,580048882.340689,2019-05-20 12:41:17,1477779,580049037.9909451,2019-05-20 12:43:52,"['n1_r1', 'n2_r0', 'n2_r1', 'n3_r1', 'n4_r1', 'n5_r0', 'n5_r1', 'n7_r1', 'n8_r0', 'n8_r1', 'na_r0', 'na_r1', 'nb_r0', 'nb_r1']"
288,288,1479205,580054883.07619,2019-05-20 14:21:18,1479258,580055103.239444,2019-05-20 14:24:58,"['n0_r0', 'n0_r1', 'n1_r0', 'n1_r1', 'n2_r0', 'n2_r1', 'n3_r0', 'n3_r1', 'n4_r1', 'n5_r0', 'n5_r1', 'n6_r0', 'n6_r1', 'n7_r0', 'n7_r1', 'n8_r0', 'n8_r1', 'n9_r0', 'n9_r1', 'na_r0', 'na_r1', 'nb_r0', 'nb_r1']"
289,289,1480476,580060093.057297,2019-05-20 15:48:08,1480561,580060445.318383,2019-05-20 15:54:00,"['n0_r0', 'n1_r0', 'n2_r0', 'n3_r0', 'n4_r0', 'n5_r0', 'n7_r0', 'n8_r0', 'n9_r0', 'na_r0', 'nb_r0']"
290,290,1480566,580060465.798673,2019-05-20 15:54:20,1480577,580060510.855327,2019-05-20 15:55:05,"['n7_r0', 'na_r0']"
291,291,1481768,580066537.0848349,2019-05-20 17:35:32,1481819,580066745.983953,2019-05-20 17:39:00,"['n1_r0', 'n2_r0', 'n6_r0', 'n7_r0', 'n8_r0']"
292,292,1483318,580075999.8845661,2019-05-20 20:13:14,1483319,580076003.980638,2019-05-20 20:13:18,"['n3_r0', 'n4_r0']"
293,293,1483350,580076130.9586691,2019-05-20 20:15:25,1483352,580076139.150804,2019-05-20 20:15:34,"['n4_r0', 'n8_r0']"
294,294,1483621,580077240.99144,2019-05-20 20:33:55,1483718,580077638.3091509,2019-05-20 20:40:33,"['n6_r0', 'n7_r0', 'n8_r0', 'n9_r0', 'nb_r0']"
295,295,1484341,580081839.7851,2019-05-20 21:50:34,1484342,580081843.881163,2019-05-20 21:50:38,"['n7_r0', 'n8_r0']"
296,296,1484351,580081880.745751,2019-05-20 21:51:15,1484403,580082093.7410951,2019-05-20 21:54:48,"['n6_r0', 'n7_r0', 'n8_r0']"
297,297,1484434,580082220.7190549,2019-05-20 21:56:55,1484440,580082245.2954379,2019-05-20 21:57:20,"['n6_r0', 'n7_r0']"
298,298,1485602,580088509.2339491,2019-05-20 23:41:44,1485630,580088623.9235951,2019-05-20 23:43:38,"['n6_r0', 'n9_r0']"
299,299,1490026,580109999.7728009,2019-05-21 05:39:54,1490030,580110016.1570772,2019-05-21 05:40:11,"['n0_r1', 'n2_r1', 'n5_r1', 'n6_r1', 'n8_r1', 'n9_r1', 'na_r1', 'nb_r1']"
300,300,1495880,580134315.9867091,2019-05-21 12:25:10,1495912,580134447.0606091,2019-05-21 12:27:22,"['n1_r0', 'n4_r0', 'na_r0']"
301,301,1497264,580139989.0368639,2019-05-21 13:59:44,1497403,580140558.389037,2019-05-21 14:09:13,"['n0_r0', 'n1_r0', 'n2_r0', 'n3_r0', 'n4_r0', 'n5_r0', 'n6_r0', 'n7_r0', 'n8_r0', 'n9_r0', 'na_r0', 'nb_r0']"
302,302,1498569,580145338.4977571,2019-05-21 15:28:53,1498574,580145358.9780631,2019-05-21 15:29:13,"['n1_r0', 'n9_r0']"
303,303,1498585,580145404.0347311,2019-05-21 15:29:59,1498807,580146313.359871,2019-05-21 15:45:08,"['n0_r0', 'n1_r0', 'n2_r0', 'n3_r0', 'n4_r0', 'n5_r0', 'n6_r0', 'n7_r0', 'n8_r0', 'n9_r0', 'na_r0', 'nb_r0']"
304,304,1498927,580146804.8871421,2019-05-21 15:53:19,1498947,580146886.8083861,2019-05-21 15:54:41,"['n8_r0', 'nb_r0']"
305,305,1499854,580151828.3442969,2019-05-21 17:17:03,1499987,580152377.216277,2019-05-21 17:26:12,"['n0_r0', 'n1_r0', 'n2_r0', 'n3_r0', 'n4_r0', 'n5_r0', 'n6_r0', 'n7_r0', 'n8_r0', 'n9_r0', 'na_r0', 'nb_r0']"
306,306,1500469,580155865.304204,2019-05-21 18:24:20,1500496,580155975.8979821,2019-05-21 18:26:10,"['n9_r0', 'na_r0']"
307,307,1508250,580195735.5533831,2019-05-22 05:28:50,1508258,580195768.3219169,2019-05-22 05:29:23,"['n7_r1', 'nb_r1']"
308,308,1509738,580201834.592465,2019-05-22 07:10:29,1509767,580201953.378321,2019-05-22 07:12:28,"['n9_r0', 'na_r0']"
309,309,1515217,580224293.313524,2019-05-22 13:24:48,1515256,580224453.0601139,2019-05-22 13:27:28,"['n9_r0', 'na_r0']"
310,310,1515264,580224485.8286282,2019-05-22 13:28:00,1515305,580224653.767305,2019-05-22 13:30:48,"['n1_r0', 'n2_r0', 'n9_r0', 'na_r0']"
311,311,1515324,580224731.592535,2019-05-22 13:32:06,1515366,580224903.6272191,2019-05-22 13:34:58,"['n0_r0', 'n1_r0', 'n2_r0', 'n9_r0', 'na_r0']"
312,312,1515601,580225866.2014451,2019-05-22 13:51:01,1515604,580225878.489616,2019-05-22 13:51:13,"['n8_r0', 'nb_r0']"
313,313,1515612,580225911.2580861,2019-05-22 13:51:46,1515634,580226001.3713701,2019-05-22 13:53:16,"['n9_r0', 'nb_r0']"
314,314,1518089,580237358.6325951,2019-05-22 17:02:33,1518217,580237882.928221,2019-05-22 17:11:17,"['n0_r0', 'n1_r0', 'n2_r0', 'n3_r0', 'n4_r0', 'n5_r0', 'n6_r0', 'n7_r0', 'n8_r0', 'n9_r0', 'na_r0', 'nb_r0']"
315,315,1528525,580289473.2970121,2019-05-23 07:31:08,1528531,580289497.8733741,2019-05-23 07:31:32,"['n9_r0', 'na_r0']"
316,316,1538237,580334421.027689,2019-05-23 20:00:16,1538379,580335002.668316,2019-05-23 20:09:57,"['n0_r0', 'n1_r0', 'n2_r0', 'n3_r0', 'n4_r0', 'n5_r0', 'n6_r0', 'n7_r0', 'n8_r0', 'n9_r0', 'na_r0', 'nb_r0']"
317,317,1551990,580396722.9616469,2019-05-24 13:18:37,1552029,580396882.7079949,2019-05-24 13:21:17,"['n1_r0', 'n2_r0', 'n3_r0', 'n4_r0', 'n5_r0', 'n7_r0', 'n8_r0']"
318,318,1553831,580406583.580878,2019-05-24 16:02:58,1553874,580406759.7118219,2019-05-24 16:05:54,"['n6_r0', 'n7_r0', 'n9_r0']"
319,319,1570188,580482557.964339,2019-05-25 13:09:12,1570196,580482590.732847,2019-05-25 13:09:45,"['n3_r0', 'n6_r0', 'na_r0']"
320,320,1570247,580482799.632095,2019-05-25 13:13:14,1570278,580482926.610065,2019-05-25 13:15:21,"['n0_r0', 'n1_r0', 'n3_r0', 'n4_r0', 'na_r0']"
321,321,1588441,580568572.669725,2019-05-26 13:02:47,1588491,580568777.473392,2019-05-26 13:06:12,"['n8_r0', 'nb_r0']"
322,322,1589531,580574215.250738,2019-05-26 14:36:50,1589560,580574334.0368611,2019-05-26 14:38:49,"['n0_r0', 'n4_r0', 'n9_r0', 'na_r0']"
323,323,1592271,580590212.701238,2019-05-26 19:03:27,1592272,580590216.7973151,2019-05-26 19:03:31,"['n7_r0', 'n8_r0']"
324,324,1592336,580590478.946316,2019-05-26 19:07:53,1592338,580590487.138486,2019-05-26 19:08:02,"['n7_r0', 'n8_r0']"
325,325,1592349,580590532.195334,2019-05-26 19:08:47,1592364,580590593.6364801,2019-05-26 19:09:48,"['n7_r0', 'n8_r0']"
326,326,1592367,580590605.924705,2019-05-26 19:10:00,1592367,580590605.924705,2019-05-26 19:10:00,"['n7_r0', 'n8_r0']"
327,327,1592402,580590749.287385,2019-05-26 19:12:24,1592457,580590974.57151,2019-05-26 19:16:09,"['n7_r0', 'n8_r0', 'nb_r0']"
328,328,1592494,580591126.126254,2019-05-26 19:18:41,1592514,580591208.047714,2019-05-26 19:20:03,"['n7_r0', 'n8_r0']"
329,329,1592534,580591289.969179,2019-05-26 19:21:24,1592609,580591597.17467,2019-05-26 19:26:32,"['n6_r0', 'n7_r0', 'n9_r0', 'n9_r1']"
330,330,1592622,580591650.42362,2019-05-26 19:27:25,1592636,580591707.7686441,2019-05-26 19:28:22,"['n7_r0', 'n9_r0']"
331,331,1592736,580592117.3760611,2019-05-26 19:35:12,1592740,580592133.7603531,2019-05-26 19:35:28,"['n9_r0', 'nb_r0']"
332,332,1592744,580592150.1446631,2019-05-26 19:35:45,1592764,580592232.0661651,2019-05-26 19:37:07,"['n9_r0', 'na_r0']"
333,333,1592806,580592404.1013291,2019-05-26 19:39:59,1592809,580592416.3895509,2019-05-26 19:40:11,"['n9_r0', 'na_r0']"
334,334,1593224,580595591.819792,2019-05-26 20:33:06,1593259,580595735.1826129,2019-05-26 20:35:30,"['n7_r0', 'n8_r0']"
335,335,1593280,580595821.200284,2019-05-26 20:36:56,1593308,580595935.890483,2019-05-26 20:38:50,"['n6_r0', 'n7_r0', 'n8_r0']"
336,336,1593311,580595948.1787331,2019-05-26 20:39:03,1593312,580595952.2748102,2019-05-26 20:39:07,"['n6_r0', 'n7_r0']"
337,337,1593322,580595993.235595,2019-05-26 20:39:48,1593443,580596488.8609011,2019-05-26 20:48:03,"['n6_r0', 'n7_r0', 'n8_r0']"
338,338,1593451,580596521.629509,2019-05-26 20:48:36,1593495,580596701.8567991,2019-05-26 20:51:36,"['n6_r0', 'n7_r0', 'n8_r0']"
339,339,1593564,580596984.48589,2019-05-26 20:56:19,1593589,580597086.8877139,2019-05-26 20:58:01,"['n6_r0', 'n7_r0', 'n9_r0']"
340,340,1593602,580597140.13668,2019-05-26 20:58:55,1593650,580597336.74819,2019-05-26 21:02:11,"['n6_r0', 'n7_r0', 'n9_r0', 'na_r0']"
341,341,1593661,580597381.804998,2019-05-26 21:02:56,1593688,580597492.398998,2019-05-26 21:04:47,"['n6_r0', 'n7_r0', 'n9_r0', 'na_r0']"
342,342,1593690,580597500.5911419,2019-05-26 21:04:55,1593690,580597500.5911419,2019-05-26 21:04:55,"['na_r0', 'nb_r0']"
343,343,1593702,580597549.7440262,2019-05-26 21:05:44,1593724,580597639.857656,2019-05-26 21:07:14,"['n9_r0', 'na_r0', 'nb_r0']"
344,344,1593765,580597807.796713,2019-05-26 21:10:02,1593766,580597811.892786,2019-05-26 21:10:06,"['n9_r0', 'na_r0']"
345,345,1593770,580597828.277097,2019-05-26 21:10:23,1593772,580597836.4692429,2019-05-26 21:10:31,"['n9_r0', 'na_r0']"
346,346,1593775,580597848.757462,2019-05-26 21:10:43,1593776,580597852.8535348,2019-05-26 21:10:47,"['n9_r0', 'na_r0']"
347,347,1593781,580597873.33392,2019-05-26 21:11:08,1593786,580597893.814286,2019-05-26 21:11:28,"['n9_r0', 'na_r0']"
348,348,1597831,580617793.6450981,2019-05-27 02:43:08,1597836,580617814.1255269,2019-05-27 02:43:29,"['n5_r1', 'n6_r1', 'n8_r1', 'n9_r1', 'nb_r1']"
349,349,1607635,580659465.0305631,2019-05-27 14:17:40,1607682,580659657.5461472,2019-05-27 14:20:52,"['n3_r0', 'n4_r0', 'n6_r0', 'n9_r0', 'na_r0']"
350,350,1608723,580665442.3954929,2019-05-27 15:57:17,1608864,580666019.942127,2019-05-27 16:06:54,"['n0_r0', 'n1_r0', 'n2_r0', 'n3_r0', 'n4_r0', 'n5_r0', 'n6_r0', 'n7_r0', 'n8_r0', 'n9_r0', 'na_r0', 'nb_r0']"
351,351,1609728,580671206.876376,2019-05-27 17:33:21,1609779,580671415.776211,2019-05-27 17:36:50,"['n0_r0', 'n1_r0', 'n2_r0', 'n3_r0', 'n4_r0', 'n5_r0', 'n6_r0', 'n9_r0', 'na_r0']"
352,352,1609784,580671436.2565969,2019-05-27 17:37:11,1609821,580671587.8113749,2019-05-27 17:39:42,"['n0_r0', 'n1_r0', 'n2_r0', 'na_r0']"
353,353,1610722,580676910.756943,2019-05-27 19:08:25,1610787,580677177.0018481,2019-05-27 19:12:52,"['n0_r0', 'n3_r0', 'n4_r0', 'n5_r0', 'n6_r0', 'n8_r0', 'n9_r0', 'na_r0', 'nb_r0']"
354,354,1614071,580694400.962772,2019-05-27 23:59:55,1614134,580694659.0155381,2019-05-28 00:04:14,"['n7_r0', 'n8_r0', 'nb_r0']"
355,355,1624840,580739406.6760249,2019-05-28 12:30:01,1624883,580739582.8073771,2019-05-28 12:32:57,"['n3_r0', 'n4_r0', 'n6_r0', 'n9_r0', 'na_r0']"
356,356,1625814,580744708.269798,2019-05-28 13:58:23,1626142,580746051.783398,2019-05-28 14:20:46,"['n0_r0', 'n1_r0', 'n2_r0', 'n3_r0', 'n4_r0', 'n5_r0', 'n6_r0', 'n7_r0', 'n8_r0', 'n9_r0', 'na_r0', 'nb_r0']"
357,357,1626952,580750917.9132661,2019-05-28 15:41:52,1627181,580751860.011009,2019-05-28 15:57:35,"['n0_r0', 'n1_r0', 'n2_r0', 'n3_r0', 'n4_r0', 'n5_r0', 'n6_r0', 'n7_r0', 'n8_r0', 'n9_r0', 'na_r0', 'nb_r0']"
358,358,1628151,580757492.4431419,2019-05-28 17:31:27,1628228,580757811.937218,2019-05-28 17:36:46,"['n0_r0', 'n1_r0', 'n2_r0', 'n3_r0', 'n4_r0', 'n5_r0', 'n6_r0', 'n8_r0', 'n9_r0', 'na_r0', 'nb_r0']"
359,359,1629337,580763970.2195129,2019-05-28 19:19:25,1629357,580764052.1411171,2019-05-28 19:20:47,"['n7_r0', 'n8_r0']"
360,360,1631687,580776196.936604,2019-05-28 22:43:11,1631705,580776270.666096,2019-05-28 22:44:25,"['n6_r0', 'n7_r0', 'n8_r0']"
361,361,1632592,580780971.896491,2019-05-29 00:02:46,1632592,580780971.896491,2019-05-29 00:02:46,"['n9_r0', 'na_r0']"
362,362,1632595,580780984.1847451,2019-05-29 00:02:59,1632598,580780996.472981,2019-05-29 00:03:11,"['n9_r0', 'na_r0']"
363,363,1638221,580804819.046561,2019-05-29 06:40:14,1638267,580805007.4663831,2019-05-29 06:43:22,"['n9_r0', 'na_r0', 'nb_r0']"
364,364,1640190,580812892.4267012,2019-05-29 08:54:47,1640303,580813355.2840562,2019-05-29 09:02:30,"['n0_r0', 'n1_r0', 'n2_r0', 'n3_r0', 'n4_r0', 'n6_r0', 'n7_r0', 'n8_r0', 'n9_r0', 'na_r0']"
365,365,1640317,580813412.6291881,2019-05-29 09:03:27,1640354,580813564.1841849,2019-05-29 09:05:59,"['n0_r0', 'n3_r0', 'n4_r0', 'n9_r0', 'na_r0']"
366,366,1641047,580816402.767977,2019-05-29 09:53:17,1641176,580816931.1628921,2019-05-29 10:02:06,"['n9_r0', 'na_r0', 'na_r1', 'nb_r0', 'nb_r1']"
367,367,1641654,580818893.1880541,2019-05-29 10:34:48,1641826,580819597.71394,2019-05-29 10:46:32,"['n0_r0', 'n0_r1', 'n1_r0', 'n2_r0', 'n3_r0', 'n3_r1', 'n4_r0', 'n4_r1', 'n5_r0', 'n6_r0', 'n6_r1', 'n7_r0', 'n8_r0', 'n9_r0', 'n9_r1', 'na_r0', 'na_r1', 'nb_r0', 'nb_r1']"
368,368,1642864,580824593.918553,2019-05-29 12:09:48,1642903,580824753.665783,2019-05-29 12:12:28,"['n6_r0', 'n7_r0', 'n8_r0', 'n9_r0', 'na_r0']"
369,369,1643004,580825167.3699751,2019-05-29 12:19:22,1643055,580825376.2700231,2019-05-29 12:22:51,"['n3_r0', 'n4_r0', 'n6_r0', 'n9_r0', 'na_r0']"
370,370,1643923,580830308.074509,2019-05-29 13:45:03,1644022,580830713.58659,2019-05-29 13:51:48,"['n0_r0', 'n2_r0', 'n3_r0', 'n4_r0', 'n5_r0', 'n6_r0', 'n7_r0', 'n8_r0', 'n9_r0', 'na_r0', 'nb_r0']"
371,371,1644025,580830725.8748269,2019-05-29 13:52:00,1644028,580830738.1630808,2019-05-29 13:52:13,"['n0_r0', 'n4_r0', 'n9_r0']"
372,372,1645055,580836519.3041531,2019-05-29 15:28:34,1645136,580836851.086542,2019-05-29 15:34:06,"['n0_r0', 'n3_r0', 'n4_r0', 'n5_r0', 'n6_r0', 'n7_r0', 'n9_r0', 'na_r0', 'nb_r0']"
373,373,1653270,580877682.7678472,2019-05-30 02:54:37,1653282,580877731.920805,2019-05-30 02:55:26,"['na_r0', 'nb_r0']"
374,374,1656939,580892715.393917,2019-05-30 07:05:10,1657047,580893157.7710531,2019-05-30 07:12:32,"['n0_r0', 'n1_r0', 'n2_r0', 'n3_r0', 'n4_r0', 'n6_r0', 'n7_r0', 'n8_r0', 'n9_r0', 'na_r0']"
375,375,1659778,580904350.064273,2019-05-30 10:19:05,1659830,580904565.3635551,2019-05-30 10:22:40,"['n0_r0', 'n0_r1', 'n0_r2', 'n1_r0', 'n1_r1', 'n1_r2', 'n2_r0', 'n2_r1', 'n2_r2', 'n3_r0', 'n3_r1', 'n3_r2', 'n4_r0', 'n4_r1', 'n4_r2', 'n5_r0', 'n5_r1', 'n5_r2', 'n9_r0', 'n9_r1', 'n9_r2', 'na_r1', 'na_r2', 'nb_r1', 'nb_r2']"
376,376,1669162,580953497.748287,2019-05-30 23:58:12,1669191,580953612.4386599,2019-05-31 00:00:07,"['n0_r0', 'n1_r0', 'n2_r0', 'n5_r0', 'n6_r0', 'n7_r0', 'n8_r0', 'n9_r0', 'nb_r0']"
377,377,1670742,580960528.508363,2019-05-31 01:55:23,1670777,580960671.871469,2019-05-31 01:57:46,"['n1_r0', 'n2_r0', 'n5_r0', 'n6_r0', 'n7_r0', 'n8_r0']"
378,378,1675627,580980561.433328,2019-05-31 07:29:16,1675661,580980700.700114,2019-05-31 07:31:35,"['n0_r0', 'n0_r1', 'n1_r0', 'n1_r1', 'n2_r0', 'n2_r1', 'n3_r1', 'n5_r0', 'n5_r1']"
379,379,1679332,580996857.6839651,2019-05-31 12:00:52,1679354,580996947.797754,2019-05-31 12:02:22,"['n0_r0', 'n1_r0']"
380,380,1680231,581002008.2324309,2019-05-31 13:26:43,1680282,581002217.132676,2019-05-31 13:30:12,"['n3_r0', 'n4_r0', 'n6_r0', 'n7_r0', 'n9_r0', 'na_r0']"
381,381,1680286,581002233.516999,2019-05-31 13:30:28,1680442,581002879.67384,2019-05-31 13:41:14,"['n0_r0', 'n1_r0', 'n2_r0', 'n3_r0', 'n4_r0', 'n5_r0', 'n6_r0', 'n7_r0', 'n8_r0', 'n9_r0', 'na_r0', 'nb_r0']"
382,382,1681326,581008120.149862,2019-05-31 15:08:35,1681424,581008521.565773,2019-05-31 15:15:16,"['n0_r0', 'n1_r0', 'n2_r0', 'n3_r0', 'n4_r0', 'n5_r0', 'n6_r0', 'n8_r0', 'n9_r0', 'na_r0', 'nb_r0']"
383,383,1681429,581008542.0461769,2019-05-31 15:15:37,1681436,581008570.71874,2019-05-31 15:16:05,"['n4_r0', 'n9_r0']"
384,384,1684660,581026219.382957,2019-05-31 20:10:14,1684711,581026428.473812,2019-05-31 20:13:43,"['n0_r0', 'n0_r1', 'n0_r2', 'n1_r0', 'n1_r1', 'n1_r2', 'n2_r1', 'n2_r2', 'n3_r0', 'n3_r1', 'n3_r2', 'n4_r0', 'n4_r1', 'n4_r2', 'n5_r0', 'n5_r1', 'n5_r2', 'n6_r0', 'n6_r1', 'n6_r2', 'n7_r1', 'n7_r2', 'n8_r0', 'n8_r1', 'n8_r2', 'n9_r1', 'na_r1', 'nb_r0', 'nb_r1']"
